mouwii,Looks lyk glass
mouwii,Tired
Mustafa Zahid,Tera Mera Rishta
Roxen,Toh Phir Aao
Roxen,Hum Jee Lenge
Mustafa Zahid,Anjanay Raston Main
Lifafa,Mere Saath
Lifafa,Jaago
Lifafa,Chaku Chidiya
Lifafa,Nikamma
Petercat Recording Company,Soulless Friends
Lifafa,MJRH
Lifafa,Candy
Veena Srivani,Cheap Thrills - cover
Veena Srivani,Bhagyada Lakshmi Baramma
Veena Srivani,Breathless - cover
Veena Srivani,Vasantavarnam
Sigur Rós,Olsen olsen
Sigur Rós,20º16’56.9”W
Sigur Rós,Sæglópur
Sigur Rós,Route One
Daniel Jang,River Flows In You -  cover
Marco Cirillo,Quiet Place
Donovan M Jones,Murdering a CLassic
Nilanjana Ghosh Dastidar,Piya tu kaahe rootha re - cover
DSharp,Apeshit
Wageshan,Love Me Like You Do - cover
Eddie van der Meer,Unravel
Lukáš Kmiť,Nokia Call
Rob Scallon,Theorbo Metal
Mamadou Diabate,Jamanadiara
Beyond The Guitar,Time - cover
Tariq Harb,Toccata and Fugue
Satinath Mukherjee,Maramiya Tumi Chole Gele
Satinath Mukherjee,Sonar Hate Sonar Kankon
Danish Pratap Sood,Fly Me To The Moon - cover
Danish Pratap Sood,Floated By - cover
Sufjan Stevens,Video Game
Sufjan Stevens,Sugar
Sufjan Stevens,America
Farhat Tarannum,Oliro Kotha Shune - cover
Farhat Tarannum,Kabhi Kabhi Mere Dil Mein - cover
Farhat Tarannum,Bhalobeshe Shokhi - cover
Farhat Tarannum,O Je Maane Na Maana - cover
Yutaka Yamada,Death Note Suite
Toby Fox,Undertale: Megalovania
Toshio Masuda,Naruto: Sadness and Sorrow
Vaibhav Bundhoo,Andhe
Vaibhav Bundhoo,They Ran Away
Vaibhav Bundhoo,Adhoori Dhun
Vaibhav Bundhoo,Mere Sapno
Vishal Dadlani,Ud Da Punjab
Kanika Kapoor,Da Da Dasse
Babu Haabi,Chitta Ve
Shahid Mallya,Ikk Kudi
Jal The Band,Sajni
Atif Aslam,Jaane De
Atif Aslam,Sehmi hai dhadkan
Jal The Band,Bikhra hoon Main
Jal The Band,Jal Pari
Atif Aslam,Yakeen
Jal The Band,More Piya
Jal The Band,Hamein Itna Pyar
Jal The Band,Ik Aarzu (Coke Studio Pakistan)
Atif Aslam,Old Bollywood Medley
Jal The Band,Dil Haari
Atif Aslam,O Saathi
Jal The Band,Kash Ye Pal
Atif Aslam,Yaad Tehari
Atif Aslam,Kuch Is Tarah
Atif Aslam,Mere Watan
Jal The Band,Dil Haray
Parvaaz,Shabaan
Parvaaz,Ziyankar
Parvaaz,Roz Roz
Parvaaz,Color White
Parvaaz,Baran
Parvaaz,Shaad
Parvaaz,Ab Ki Ye Subah
Robert LaSalle,Home Pt 2 (It's Time To Go Home)
Clint Mansell,Doom Patrol Main Titles
Raghu Dixit,Ambar
Raghu Dixit,Rain Song
Fall Out Boy,American Beauty
Fall Out Boy,Centuries
Fall Out Boy,Immortals
Shankar Madhavan,Der Lagi Lekin
Vishaal Dhadhlani,Ik Junoon
Farhaan Akhtar,Dil Aakhir Tu Kyun Rota Hai
Mohit chauhan,Khwaabon Ke PArindey
Farhaan Akhtar,Ye Jaane Kaisa Raaz Hai
Farhan Akhtar,Aisi Gehraiyaan Aisi Tanhaiyaan
Dominique Cerejo,Sooraj Ki Bahoon Mein
Farhaan Akhtar,Apne Hone Par Mujhko Yaqeen Aa Gaya
Arijit Singh,Judaai
Shreya Ghoshal,Saibo
Sachin Sanghvi,Rangreza
Rekha Bhardwaj,Mileya Mileya
Arijit Singh,Meet
Amitabh Bhattacharya,Emosaonal Atyachar -  Brass Band
Tochi Raina,Pardesi
Aman,Khwab (P.N.D.A's remix)
Aman,Abh Mera Kaha Thikana
Aman,Tu Hai Kahaan
Aman,Bombay aur Baarish
Aman,Dil Ko Kaise Samjhau
Raghubir Yadav,Mehngai Dayain Khaye Jaat Hai
Ram Sampath,Saawan Aayo Re
Manna Dey,Coffee houser sei addata
Manna Dey,Laga Chunari Men Daag
Manna Dey,Hoyto Tomar-e Jonyo
L Subramaniam,Harmony of the Hearts
L Subramanium,Flight of the Humble Bee
L Subramanium,I Can't Forget
L Subramanium,Whispering Moods
Udit Narayan,Jane Kyun Log
Shreya Ghoshal,Bairi Piya
Udit Narayan,Chalak Chalak
Udit Narayan,Man Mohini
Sona Mohapatra,Ambarsariya
Kailash Kher,Karle Jugaad Karle
Sitar Metal,True Darkness
Sitar Metal,False Light
Sitar Metal,The Awakening Is Here
Shri,Swarg
RamageProductions,Line 6 Sitar Test
Sitar Metal,We Will Never Exist
Sitar Metal,I Am the Wake up Call
Sitar METAL,Dreamers We Never Learn
Sitar Metal,Beyond Me Beyond You
Estrn Chill,Shish Sitar Beat
Srikanto Acharya,Bristi Tomake Dilam
Srikanto Acharya,Bodhua Amar chokhe Jol eneche
Kat Cunning,Make U Say
Kat Cunning,Wild Poppies
Kat Cunning,King of Shadow
Kat Cunning,Birds
Himesh Reshanmiya,Jhalak Dikhla Ja
Himesh Reshammiya,Aashiqui Mein Teri
Himesh Reshammiya,Aye Meri Zohrajabeen
Zack Hemsey,See What I've Become
Zack Hemsey,Vengeance
Zack Hemsey,I'll Find A Way
Zack Hemsey,The Way (Instrumental)
Zack Hemsey,Nice To Meet Me
Zack Hemsey,Soothsayer
Lorde,Yellow Flicker Beat
Lorde,Royals
Lorde,Buzzcut Season
Lorde,Perfect Places
Lorde,Sober
Rabbi Shergil,Bulla Ki Jaana Main Kaun
Rabbi Shergil,Taläsh
Rabbi Shergill,Challa Reprise
Ajoy Chokroborty,Badra Re Tu
Ajoy Chakraborthy,Aan Milo Sajna
Ajoy Chokroborty,Khelun Piya Sang Hori
Ajoy Chakraborty,Eri Aali Piya Bin - Raag Yaman
The National,Nobody Else Will Be There
The National,Graceless
Sufjan Stevens,All For Myself
Sufjan Stevens,Age of Adz
Sufjan Stevens,Bad Communication
Sufjan Stevens,Impossible Soul
Sufjan Stevens,Futile Devices
Sufjan Stevens,Vesuvius
Sufjan Stevens,Too Much
The Black Eyed Peas,London Bridge
The Black Eyed Peas,Fergalicious
The Black Eyed Peas,Shut Up
Marco Cirillo,When You Just Discovered An Awesome Chord and Someone Ask You to Play Something
Marco Cirillo,When You Listen to Worship Music for Too Long
Marco Cirillo,When You Feel Sad And Someone Ask You To Play Something
Marco Cirillo,When You Fall in Love and Someone Ask You To Play Something
Marco Cirillo,When You Play Acoustic Stuff on A Classical Guitar
Marco Cirillo,When You Only Know Four Chords and Someone Ask You To Play Something
Marco Cirillo,When You Always Play Acoustic Guitar But You Secretly Love Electric! (Dirty Secret)
Fleetwood Mac,The Chain
Fleetwood Mac,Big Love
AR,Man Mauj Mein - Part 1
AR,Sunset Malkauns
AR,Floating Circles
AR,End Title
AR,Rainmaker
AR,Man Mauj Mein - Part 2
AR,Wakeup Jungle
AR,Opening Title
Sunidhi Chauhan,Jab Bhi Ciggaret - Trance
Sukhwinder Singh,Phoonk De
Sukhwinder Singh,Kash Laga
Deva Sengupta,Ash Tray
Rekha Bhardwaj,Phoonk De - Club Mix
Shilpa Rao,Yaara Seeli Seeli
Shilpa Rao,Duma Dum
Shilpa Rao,Challa
Shilpa Rao,Ankhiyan Udeek
Shilpa Rao,Aaye Na Balam
Shilpa rao,Kaise ho Tum
Shilpa Rao,Shaabashiyan
Shilpa Rao,Latha
Shilpa Rao,Ankhiyan Nu
Shilpa Rao,Manmarziyan
Manoj Tiwari,Jiya Tu Bihar Ke Lala
Khushboo Raaj,O Womaniya
Of Monsters And Men,Love Love Love
Of Monsters and Men,King And Lionheart
Indian Ocean,Mann Kasturi
Indian Ocean,Zindagi Se Darte Ho
Indian Ocean,Tu Kisi Rail Si
Indian Ocean,Bandheh
Kishori Amonkar,Milta Jaiyo - Keharwa
Kishori Amonkar,Saheliya Sajan Ghar Aye - Raga Durga: Teentaal
Kishori Amonkar,Ek Hi Sang Hute
ProgTabla,Woven Web (Tabla Experiment)
ProgTabla,When Time Stands Still (Tabla Experiment)
ProgTabla,Fall of Sirius (Tabla Experiment)
Bhrigu Sahni,Opening
Bhrigu Sahni,Flow Live Set (Demo Tape)
Bhrigu Sahni,Momentary Present
Bhrigu Sahni,Tanpura Jam Series
Bhrigu Sahni,Tribute
Bhrigu Sahni,Time To Fall @ Sofar Delhi NCR
Bhrigu Sahni,Indian Classical Aligarh Theme
Bhrigu Sahni,I'm Leaving
Bhrigu Sahni,Tanpura Jam Series
Bhrigu Sahni,Traveling
Gabrielle Aplin,Start of Time
Gabrielle Aplin,My Mistake
Jagjit Singh,Hosh Walon Ko
Jagjit Singh,Woh Khat Ke Purze Udaa Raha Tha
Jagjit Singh,Koi Yeh Kaise Bataye
Jagjit Singh,Teri Berukhi
Jagjit Singh,Tum Itna Jo Muskura Rahe Ho
Jagjit Singh,Hothon Se Chhulo Tum
Jagjit Singh,Jhuki Jhuki Si Nazar
Mithoon,Zaroorat
Roop Kumar Rathod,Maula Mere Maula
Noor Chahal,Woh lamhe - cover
Hariharan,Sun Ri Sakhi
Hariharan,Ay Hairathe
Hariharan,Chanda Re Chanda Re
Harihararan,Hai Rama
Hariharan,Conversation (More Ghar)
Ritviz,Udd Gaye
Ritviz,Barso
Ritviz,Sage
AR Rahman,Mausam And Escape
AR Rahman,Ringa Ringa
AR Rahman,Latika's Theme
Oh Wonder,The Rain
Oh Wonder,Dazzle
Oh Wonder,Heart Hope
Oh Wonder,Technicolour Beat
Oh Wonder,All We Do
Mohit Chauhan,Phir se ud chala
Mohit Chauhan,Tum Ho
Mohit Chauhan,Aur Ho
Mohit Chauhan,Jo Bhi Main
Mohit Chauhan,Nadaan Parindey
Sumitra Sen,Sokhi bhabona kahare Bole
Indrani Sen,Oo Ki Elo Oo Ki Elo
Shubhayu,Tumi Robe Nirobe on Esraj
Gourab Sarkar,Tumi kon Kanoner
Hemanta Mukherjee,Tumi Robe Nirobe Rabindra
Anwesa,Jaanu Na
Srikanto Acharya,O Je Mane Na Mana
Pink Floyd,Wish You Were Here
Pink Floyd,Hey You
Gajendra Verma,Kyun Hai
Gajendra Verma,Tune Mere Jana
Gajendra Verma,Mera Jahan
Gajendra Verma,Mann Mera
Benjamin Wallfisch,Every 27 Years (Reprise)
Benjamin Wallfisch,Beverly
Benjamin Wallfisch,27 Years Later
Benjamin Wallfisch,Blood Oath
,Kaminey
Sukhwinder Singh,Dhan Te Nan
Kunal Ganjawala,Raat ke Dhai Baje
AR Rahman,RHTDM Theme
AR Rahman,Zara Zara
Britney Spears,Toxic
Britney Spears,Criminal
The Beatles,Within You Without You
The Beatles,Hey Jude
The Beatles,I Want To Hold Your Hand
The Beatles,Here Comes The Sun
The Beatles,Eleanor Rigsby
Quratulain Balouch,Faasle (Coke Studio Season 10)
Quratulain Balouch,Kaari Kaari
Quratulain Balouch,Baliye - Laung Gawacha (Coke Studio Season 9)
Quratulain Balouch,Main Tay Jogan Hoi Sonay Yaar Di
Quratulain Balouch,Wo Humsafar Tha Magar
Quratulain Balouch,Mann Mayal
The Japanese House,Swim Against The Tide
The Japanese House,Leon
Melanie Martinez,Pity Party
Melanie Martinez,Play Date
Queen,Under Pressure
Queen,Bohemian Rhapsody
The Yellow Diary,Kashmir
The Yellow Diary,Marz
The Yellow Diary,Tere Jeya Hor Disdan
The Yellow Diary,Afzai
Sukhwinder Singh,Omkara
Sunidhi Chauhan,Beedi
Shreya Ghoshal,O Saathi Re
Vishal Bharadwaj,Omkara BG Score
Rekha Bharadwaj,Laakad
Rekha Bhardwaj,Namak
Rahat Fateh Ali Khan,Naina
Vishal Bharadwaj,Tragady of Omkara
Arijit Singh,Kichhu Kichhu Kotha
Arijit Singh,Aaj Jane Ki Zid Na Karo
Arijit Singh,Tose Naina
Arijit Singh,Yeh Fitoor Mera
Arijit Singh,Ae Zindagi Gale Laga Le
Julien Baker,Salt In The Wound
Phoebe Bridgers,Motion Sickness
boygenius,Bite The Hand
Lord Huron,The Night We Met
Andromida,0s and 1s Only
Andromida,Timeless
Andromida,Subject Zero
Raman Mahadevan,Bheja Kum
Vishal Dadlani,Jame Raho
Shankar Mahadevan,Maa
Raman Mahadevan,Kholo Kholo
Adnan Sami,Mera Jahan
Bhaari Bhaari,Mohan Kanan
Panchi Ud Gaya,Mohan Kannan
Bhavya Pandit,Isharon Isharon
Asha Bhosle,Aaiye Meherbaan
Asha Bhosle,Aao huzoor tumko
Karunesh,Aao Huzoor Tumko
Mohammed Rafi,Udein Jab Jab Zulfen Teri
Arijit Singh,Jhumritalaiyya
Arijit Singh,Ullu Ka Pattha
Arijit Singh,Phir Wahi
Tushar Joshi,Khaana Khaake
Tushar Joshi,Musafir
Sufjan Stevens,Chicago
Yanouv,Beyond the Infinite
Yanouv,Labyrinth
Yanouv,In My Storm
Sahana Bajpaie,Phule Phule Dhole Dhole
Sahana Bajpaie,Amar Nishitho Raater Badol Dhara
Sahana Bajpaie,Ekta Chele
Kevin MacLeod,Dreams Become Real
Kevin MacLeod,Anguish
Kevin MacLeod,Perspectives
Kevin MacLeod,Summer Day
Kevin MacLeod,Heavy Heart
Shadow and Light,Pathjhad
Shadow and Light,Kahaani
Udit Narayan,Jaane Kyun Log Pyaar
Shankar Mahadevan,Taufiq - Rhy-dhun
Shankar Mahadevan,Virah
Shankar Mahadevan,Tere Naina
Dominique Cerejo,Ye Tumhari Meri Baatein
Shankar Mahadevan,Breathless
Shraddhha Kapoor,Tere Mere Dil
Shankar Mahadevan,Pyaar Ke Liye
Shankar Mahadevan,Dil Chahta Hai
Shaan,Where's The Party Tonight
KK,Jhoom Barabar Jhoom
Arijit Singh,Mast Magan (slowed + reverb)
Indian Raga,Feeling Good (Indian Mix) Nina Simone Jazz Classics Remix
Indian Raga,Aadu Paambe
Indian Raga,Tabla Trap Padhant
Indian Raga,Uptown Funk Raga Mix
Indian Raga,Jaagu Main saari - Maru Bihag
Indian Raga,EDM Thillana Ananda Bhairavi
Indian Raga,Jao Jao
Indian Raga,Piya Se Naina - Desh Thillana Mashup
Mukesh,Ek Din Bik Jaayega Mati Ke Mol
Kishore Kumar,Zindagi ke safar mein guzar jate hain
Kishore Kumar,Ek Ajnabee Haseena Se Ajnabee
Asha Bhosle,Do Lafzon Ki Hai Dil Ki Kahani
Ashok Kumar,Piya Bawari
Lata Mangeshkar,Kaanta Laga
Shailendra Singh,Humne Tumko Dekha
Kishore Kumar,Aanewala Pal Janewala Hai
Kishore Kumar,Jahan Teri Yeh Nazar Hai
Mohammed Rafi,Yamma Yamma
Oh Wonder,I Wish I Never Met You
Oh Wonder,Hallelujah
Oh Wonder,Better Now (Acoustic)
Oh wonder,In and Out of Love
Meghan Trainor,Hopeless Romantic
Meghan Trainor,Lips are moving
Meghan Trainor,Wave
Meghan Trainor,All that Bass
Meghan Trainor,No
Maroon 5,Lips On You
Maroon 5,Lost Stars
Adnan Sami,Nain Se Naino Ko Mila
Adnan Sami,Aye Udi Udi
Adnan Sami,Kabhi Nahi
Anoushka Shankar,Lasya
Anoushka Shankar,Chasing Shadows
Anoushka Shankar,Those Words
Anoushka Shankar,Easy
Anoushka Shankar,Flight
Anoushka Shankar,Dancing In Madness
Anoushka Shankar,Indian Summer
Anoushka Shankar,Fathers
Anoushka Shankar,Monsoon
Anoushka Shankar,Traces Of You extn
Shiraz Uppal,Raanjhanaa
Shreya Ghoshal,Banarasiya
Madhushree,Ay Sakhi
Sukhwinder Singh [KMMC Sufi Ensemble],Piya Milenge
Javed Ali,Tum Tak
Linkin Park,Numb
Linkin Park,In the End Remix
Linkin Park,Castle Of Glass
Linkin Park,In The End
Bonafide,Memories
The Spinto Band,Muesli
Shradhha Kapoor,Galliyan
Soft Metal,Mystic Trip to Al-Dzazir
Binary One,Returning
America,A Horse With No Name
aravasu-Jaane Bhi Do Yaaro.mp3,aravasu-Jaane Bhi Do Yaaro
unkown,Snowfall
Tulsi Kumar,Mujhe Teri
Prakriti Kakar,Hai Zaroori - 1st verse
Halo,Beyoncé
unknown,Linus and Lucy
Mohit Chauhan,Tum Se Hi
Mohit Chauhan,Tune Jo Na Kaha
Kanishk Seth,Thehra
Kanishk Seth,Gum Huye Hum
Kanishk Seth,Rangi Saari
Vijay Yesudas,Malare
Chevy,uwu
Sooraj Santhosh,Aaradhike
Raj Barman,Tum Mile Dil Khile - cover
Romy,Sahiba
Shreya Ghoshal,Saaluthillave
Amitabh Bachhan,Mere Paas Aao Mere Dosto
Anna Salman,Jab Koi Baat (Cover)
Lucky Ali,Na tum Jaano Na Hum
Kishore Kumar,Sara Zamana
Jagjit Singh,Har Ek Baat Pe Kehte Ho Tum
Jagjit Singh,Hazaron Khwahishein
Jagjit Singh,Dil-e-Nadaan
Troye Sivan,Revelation
Troye Sivan,Take Yourself Home
Cross Records,Steady Waves
Cross Records,The Depths
Jared Halley,GOT theme
Jared Halley,Imagine Dragons Mashup
Hildur Guðnadóttir,Defeated Clown
Hildur Guðnadóttir,Call Me Joker
Hildur Guðnadóttir,Escape from the Train
Hildur Guðnadóttir,A Bad Comedian
Hildur Guðnadóttir,Subway
Hildur Guðnadóttir,Confession
Hildur Guðnadóttir,Penny Taken to the Hospital
Hildur Guðnadóttir,Hoyt's Office
Samar Mehdi,Kashmakash
Samar Mehdi,Urooj
Suzonn,Rihaee
Suzonn,Sun Lo Na
Zayn Malik,I Don't Wanna Live Forever (Acoustic)
Zayn Malik,Entertainer
Zayn Malik,Dusk Till Dawn
Flora Cash,Father's Sins (Slowed + Reverb) Lofi
Flora Cash,Love Is In The Small Things (Slowed + Reverb) Lofi
Flora Cash,I Wasted You (Slowed + Reverb) Lofi
Denis Kalytovskyi,cover
Amit Trivedi,London Thumakda
Amit Trivedi,Hungama
Amit Trivedi,Gujariya
Amit Trivedi,Harjaiyaan
Amit Trivedi,Kinare
Amit Trivedi,Ranjha
Amit Trivedi,Taake Jhanke
Amit Trivedi,Badra Bahaar
Jasleen Royal,Kaisi Hai Ye Rut
Jasleen Royal,Teri Dastaan
Jasleen Royal,Preet
Jasleen Royal,Din Shagna Da
Jasleen Royal,Naina's Theme
Jasleen Royal,Kho Gaye Hum Kahan
Jasleen Royal,Jahaan Tu Chala
Audiomachine,Wars Of Faith
Audiomachine,We are Gods
Berklee Indian Ensemble,Aap Ki Nazron Ne Samjha
AR Rahman,Kun Faya Kun
AR Rahman,Desi Thoughts
AR Rahman,Thee Thee & Malargale
Coldplay,The Scientist
Coldplay,Viva La Vida
Coldplay,Life in Technicolor
Hozier,Wasteland
Hozier,Take Me To Church
Hozier,Sunlight
Hozier,Movement
Hozier,Almost
Hozier,Like Real People Do
Hozier,Cherry Wine
Hozier,As It Was
Hozier,Talk
Prateek Kuhad,Tune Kaha
Prateek Kuhad,Cold:Mess
Agam,Malhar Jam - Coke Studio India Season 2
Mahesh Raghvan,Harry Potter - The Ultimate Indian Theme
The Anirudh Varma Collective,Megh
Abonti,Sheesh Priya's Medley
Rainer Hersch,Microsoft Windows - the waltz
Midival Punditz,Naina Laagey
Hamesha,Satrangi - Pepsi Battle of the Bands Season 3
Advaita,Ghir Ghir - Coke Studio India Season 1
Sneha Bhattacharya,Bhromor Koiyo Giya
Alec Benjamin,Mind Is A Prison
Alec Benjamin,Let Me Down Slowly
Alec Benjamin,Paper Crown
Rekha Bhardwaj,Genda Phool
Javed Ali,Arziyan
Benny Dayal,Rehna Tu
Mohit Chauhan,Masakali
the 1975,Somebody Else
The 1975,A Change Of Heart
The 1975,I like it when you sleep
Arnob,Megh Bolechhe
Arnob,Phagun Haway Haway
Arnob and Friends,Ore Nil Doriya
Oh Wonder,Waste
Oh Wonder,Bigger Than Love
Oh Wonder,Ultralife
Oh Wonder,Overgrown
Oh Wonder,Slip Away
Oh Wonder,Shark
Oh Wonder,My Friends
Oh Wonder,All About You
Oh Wonder,Heavy
Oh Wonder,Lifetimes
Oh Wonder,Solo
Oh Wonder,High On Humans
Oh Wonder,Heart Strings
Ruelle,Monsters
Ruelle,Madness
Ruelle,Deep End
Ruelle,War Of Hearts - acoustic
Ruelle,Carry you
Ruelle,Come Fly With Me
Ruelle,Genesis
Karan Chitra Deshmukh,Coffin Dance - cover
Karan Chitra Deshmukh,Game of Thrones Theme - cover
Alka Yagnik,Taal Se Taal
Hariharan,Nahin Samne Taal
Asha Bhosle,Kahin Aag Lage Lag Jaaye
Sukhwinder Singh,Ramta Jogi Taal
Markus J. Buehler,Sonification of the Coronavirus Spike Protein (Amino Acid Scale)
Markus J. Buehler,Viral koto ensemble of protein 4osd
Markus J. Buehler,Honeybee Silk
Markus J. Buehler,Concerto of a De Novo Protein
Markus J. Buehler,Viral Protein Jam
Markus J. Buehler,Ambient Viral Jam (Protein Inceptionism)
Markus J. Buehler,Collagen Etude
Markus J. Buehler,Reflection of Infection (for Piano)
Alokananda Dasgupta,Escape
Alokananda Dasgupta,Sacred Games Background Score - Suspense
Alokananda Dasgupta,Tope Theme
Tejas Menon,Dheemi
Alokananda Dasgupta,I Am Trapped
Sangeetha,Manzil Ke Is mod Pe
Nuke,Teri Parchhai
Ellie Goulding,Love Me Like You Do - lofi
Advait x P.N.D.A,Main So Gaya Hoon
KK,Kya Mujhe Pyaar Hai
KK,Dil Ibaadat
KK,Beete lamhe
KK,Tuhi Meri Shab Hai
Parvati Khan,Jimmi Jimmi Jimmi
Bappi Lahiri,Yaad Aa Raha Hai
Vijay Benedict,I Am A Disco Dancer
Bappi Lahiri,Koi Yahan Aha Nache Nache
Broods,Heartlines
Broods,Bridges
Broods,Never Gonna Change
Papon,Ranjish Hi Sahi
Papon,Moh Moh Ke Dhaage
Papon,Kaun Mera
Papon,Purvayi
Papon,Jiyen Kyun
Papon,Siyaahii
Zeb,Rona Chor Diya - Coke Studio Pakistan Season 2
Zeb Bangash,Roshe
Zeb,Chal diye - Coke Studio Pakistan Season 2
Mark Bradshaw,Top of the Lake Opening Titles
Mark Bradshaw,Hello Darling
John Powell,The Downed Dragon
John Powell,See You Tomorrow
John Powell,Focus
John Powell,Astrid Goes For A Spin
John Powell,Sticks & Stones
John Powell,The Dragon Book
John Powell,Battling The Green Death
John Powell,Coming Back Around
John Powell,The Cove
John Powell,New Tail
John Powell,The Vikings Have Their Tea
John Powell,Counter Attack
John Powell,Dragon's Den
John Powell,Dragon Battle
John Powell,This Time For Sure
John Powell,This Is Berk
John Powell,Forbidden Friendship
John Powell,The Kill Ring
John Powell,Dragon Training
John Powell,Ready The Ships
John Powell,Not So Fireproof
John Powell,Where's Hiccup
John Powell,Wounded
Lata Mangeshkar,Jiya Jale
Udit Narayan,E Ajnabi Tu Bhi Kabhi
KS Harisankar,Jiya Jale - Kurvalikiliye
Sonu Nigam,Satrangi Re
Tove Lo,Scream My Name
Tove Lo,Disco Tits
Tove Lo,Scars
Tove Lo,Habits
Tove Lo,Sadder Badder Cooler
Tove Lo,Moments
Tove Lo,Cool Girl
Simply Three,The Factory
Simply Three,Latch
Simply Three,Circles - cover
Simply Three,Rain
Simply Three,Maverick
Simply Three,Heart's Harmony
Shafqat Amanat Ali,Dildara
Vishal Dadlani,Saaiyaan
Vishal Dadlani,Madari - Coke Studio India Season 2
Arijit Singh,Nashe Si Chadh Gayi
Shafqat Amanat Ali,Bin Tere
Rahat Fateh Ali Khan,Aas Paas Kuda
Sia,Unstoppable
Sia,Breath Me
Sia,Alive
Sia,Big Girls Cry
Sia,Cheap Thrills
Noble Man,Baba - cover
Noble Man,Alvida - cover
Noble Man,Akash Bhora Shurjo Tara
Noble Man,Aro Ekbar - cover
Arijit Singh,Raazi
Arijit Singh,Ae Watan (Shankar-Ehsaan-Loy) {Gulzaar}
Harshdeep Kaur,Dilbaro
Nusrat Fateh Ali Khan,Sanware Tore Bin Jiya
Nusrat Fateh Ali Khan,Piya Re
Nusrat Fateh Ali Khan,Tere Bin Nai Lagda
Nusrat Fateh Ali Khan,Afreen afreen
Chinmayee,Afreen Afreen
Lauv,I Like Me Better
Lauv,fuck i'm lonely
Lauv,The Other
Lauv,i'm so tired
Metallica,Fade To Black
Metallica,The Unforgiven I & II & III
Metallica,Nothing Else Matters
Green Day,Boulevard of Broken Dreams
Eagles,Hotel California
Bharat Chauhan,Ghar
Bharat Chauhan,Tu Hoti Toh
Ewan Maccoll,Brother did you Weep
Ewan Maccoll,The Manchester Rambler
Agnee,Kaise Ho Tum
Agnee,Karvan
Agnee,Sadaa
Agnee,Ujale Baaz
Agnee,Aahatein
Agnee,Shaam Tanha
Javed Bashir,Piya Tu Kaahe Rootha Re
Javed Bashir,Aaj Ibaadat
Javed Bashir,O Rangrez
Billie Eilish,lovely
Billie Eilish,bad guy
Billie Eilish,bury a friend
Billie Eilish,everything i wanted
This Town Needs Guns,2 Birds 1 Stone and an Empty Stomach
This Town Needs Guns,Nice Riff Clichard
This Town Needs Guns,Pygmy Polygamy
This Town Needs Guns,In the Branches of Yggdrasil
This Town Needs Guns,13.0.0.0.1
Arijit Songh,Ek Charraiya
Arijit Singh,Soney Do
Rahat Fateh Ali Khan,Dil Ka Mizaaj Ishqiya
Rekha Bhardwaj,Jagaave Saari Raina
Rahat Fateh Ali Khan,Dil To Bachcha Hai
Mika,In e Batutta
Mustafa Zahid,Bhula Dena Mujhe
KK,Piya Aaye Na
Arijit Singh,Milne Hai Mujhse Aayi
Arijit Singh,Tum Hi Ho
Sagar Desai,The Sweater
Sagar Desai,Into the Gunj
Sagar Desai,Kabaddi
Sagar Desai,A Death in the Gunj
Sagar Desai,Shutu's Pain
Sagar Desai,Planchette
Imagine Dragons,Demons
Imagine Dragons,Monster
Imagine Dragons,Believer
Imagine Dragons,Roots
Imagine Dragons,Radioactive
Imagine Dragons,Bad Liar
Indian Lofi,Paper Planes
Indian Lofi,Raat
James Bay,Best Fake Smile
James Bay,Chew On My Heart
Kora - tumblr user samdyke,americanamusicbox
Jay Gruska,Deans Theme (Orchestral Version)
Sila - tumblr user marvells,you changed me music box
Jay Gruska,You Changed Me
Jay Gruska,Bloodlust Theme
Skyler Williams,You Changed Me - Castiel's Theme
Jay Gruska,Tears In Their Beers
Jay Gruska,Sam Opens Up
Shafqat Amanat Ali,Aankhon Kay Sagar - Coke Studio Pakistan Season 2
Shafqat Amanat Ali,Tere Naina
Shafqat Amanat Ali,Khamaj
Shafqat Amanat Ali,Mitwa
Kishore Kumar,Inteha Ho Gayi Intezaar Ki
Kishore Kumar,My Name Is Anthony Gonsalves
Cigarettes After Sex,Affection
Cigarettes After Sex,Apocalypse
Ram Sampath,DK Bose
Keerthi Sagathia,Switti Switti
Keerthi Sagathia,Nakkadwaley Disco Udhaarwaley Khisko
Patric Olleson,The Current
Patric Olleson,All We Have
Patric Olleson,For Your Love
Patric Olleson,Aristarchus in the Rain
Patric Olleson,Moons of Jupiter
Patric Olleson,Properties of Light (Hello Love)
Patric Olleson,The Idea
Ryuichi Sakamoto,M.A.Y In The Backyard
John Adams,Hallelujah Junction (1st Movement)
Joe Esposito,Lady Lady Lady
Wolfgang Enoch Hsu,cappricio guitar
The Psychedelic Furs,Love My Way
Sufjan Stevens,Mystery Of Love
Sufjan Stevens,Visions of Gideon
André Laplante,Une Barque Sur L'océan
Sufjan Stevens,Futile Devices Doveman Remix
rio,Happier
rio,Gospel
rio,Hallelujia
rio,Demons
rio,test
rio,Main agar Kahu
rio,Morey Piya
rio,Rockabye
Sanchit Balhara,Rani Sa
Zoey Lily,Without A Word
Accept,Kill the Pain
Shahid Mallya,Mann Jaage
Adam Lambert,Runnin
My Chemical Romance,Kill All Your Friends
New Order,Blue Monday
Dolly Parton,Jolene
Bonjr,It's ok You're ok
Skeeter Davis,The End of the World
Falak Shabir,Saajna
The Acid,Tumbling Lights
Boy Harsher,Pain breaks the Rythm
Shruti Pathak,Mar Jawaan
Joan Osborne,If God Was One Of Us
Zombies,Time Of The Season
Harry Nilsson,One
Bloody Hammers,Let Sleeping Corpses Lie
Douran,Mirage
Björk,Jóga
Coyote Theory,This side of paradise
Blink 182,I Miss You
Sylvan Esso,Come Down
Rejwana Chowdhuri Bonna,Ami Kaan Pete Roi
Fractalize,Immersion
Arif Lohar,Jugni
Tarun Bannerji,Kajal Nadir Jale
Adele,Skyfall
Seinabo Sey,Hard Time
Ingrid Lukas,Rainspell
Aaroh,Na Kaho
Motorhead,God Was Never on Your Side
The Killers,Humans
When Nothing Remains,Drowning In Sorrows
Krishnokoli,jao pakhi bolo tare
Aaroh,Na Kaho.min
Gotye,Somebody That I Used To Know
Yawar Abdal,Tamanna
Pete Baldwin,The song of the world's last whale
Abhijeet Sawant,Junoon
Post Malone,I Fall Apart
Alma Ferovic,Tu Koi Aur Hai
Adnan Dhool,Awari
Naughty Boy,No One's Here To Sleep
FKA Twigs,Mary Magdalene
Shajr,Pepsi Battle of the Bands Season 2
Garbage,Not Your Kind Of People
Aseer Arman,Eka Beche Thakte Shekho Priyo
Joan Jett,I Hate Myself for Loving You
Awolnation,Run
Skylight Vision,Ember
Missio,Everybody Gets High
Kris Beats,cover
Blonde Redhead,For the Damaged Coda
100 gecs,Hand Crushed by a Mallet
Novena,Sun Down
The Cab,Angel With A Shotgun
Apparat,Goodbye
Illenium,Good Things Fall Apart
Avril Lavigne,My Happy Ending
Leprous,Below
Led Zapplin,Black Dog
Grimes,Oblivion
Jetta,I'd Love to Change the World
Sean Bolten,Cotton Candy Skies
Deep Purple,Lazy
Ekagra Singhal,Nibhana
Lingua Ignota,May Failure be Your Noose
Loch Lomond,Elephants and Little Girls
The Yardbirds,Turn Into Earth
David Newman,J.D. Blows Up
Lucky Ali,Badlonki Gehrai
Rob Benedict,Fare Thee Well
Bastille,Doom Days
Sadiq Hussain,Jaanam Fida-e-Haideri
Hello Moth [~Glenn Marshall],Clouds in Cloudless Skies
Duncan Laurence,Arcade
Surf Mesa,ily
Gun's N Roses,Knockin' On Heaven's Door
U2,With Or Without You
Gucci High Waters,goner
n u a g e s,Closer
Mokita,Inside Out
Adona,Hit Me With Your Best Shot
Jens Kuross,Spiraling
Thome Yorke,Analyse
Arati Mukherjee,Aji Jharo Jharo
Rag'n'Bone Man,Human
Kashmir,Kaghaz Ka Jahaz
Johnny Cash,Hurt
Ananthaal,Inayat
Arjun Kanungo,Khoon Choosle
Bhupinder Singh,Ek Akela Is Shaher Mein
Arctic Monkeys,Do I Wanna Know
Charlotte Lawrence,Joke's On You
Sibtain Khalid,Sajna
Rival Consoles,Vibrations on a String
Talat Mahmood,Duti Pakhi Duti Teere
Gang of Youths,Achilles Come Down
Osho Jain,Shukriya
Steffan Argus,Ship in a Bottle
Mrittika,Jochhona Korechhe Ari
Hannah Hart,Ash Again
Lightening Bolt,Mega Ghost
Ononna,O Kolonkini Radha
River Becomes Ocean,Silence Means Nothing
Dave Porter,Breaking Bad Theme
Ron Jones,Fairly odd Parents
Imogen Heap,Hide And Seek
Pakshee,Raah Piya
Mort Garson,Rhapsody in Green
Antimatter,Fighting For A Lost Cause
Peter Gabriel [~Glen],This is the Picture
Junip,Line of fire
Civil Twilight,Letters From the Sky Lyrics
Marina and The Diamonds,Bubblegum B!tch
Danger Mouse,Black ft. Norah Jones
Patrick Watson,je te laisserai des mots
Various,The  sufi mashup
bootleg boy,RAINING IN ＰＡＲＩＳ
bootleg boy,RAINING IN ＪＡＰＡＮ
HomeworkRadio,lo-fi for ghosts only
bootleg boy,Lost In the Rain
Aesthetics اردو,Moseeqi 00
bootleg boy,ＮＩＧＨＴ ＤＲＩＶＥ
Michael Penn,Bill and Virginia
Michael Penn,I Have Plans
Michael Penn,Miscarriage
Michael Penn,Together Is The Key
Shruti Pathak,Shubhaarambh
Amit Trivedi,Manjha
Swanand Kirkire,Bawra Mann Dekhne Chala Ek Sapna
Sunidhi Chauhan,Kaisi Paheli Zindagani
Papon,Sun Le Re
Radiohead,Ful Stop
Radiohead,Street Spirit (Fade Out)
Radiohead,Decks Dark
Radiohead,Burn The Witch
Radiohead,Present Tense
Radiohead,Daydreaming
Radiohead,There There
Radiohead,Glass Eyes
Radiohead,The Numbers
Satyajit Ray,Sagorey Dekho Cheye
Anup Ghoshal,Paye Pori Baagh Mama
Kamu Mukhopadhyay,Halla choleche juddhe
Anup Ghoshal,Ese Hirak Deshay
Anup Ghoshal,Aaha Ki Anando Akashe Batashye
Anup Ghoshal,Mora Dujonbhayra Bhai
Anup Ghoshal,O Montri Moshai
Anup Ghoshal,Dekho re nayan mele
Prithwidev Bhattacharyya,Gupi Bagha - Sarod Tribute
Anup Ghoshal,Aar Bilombo
Satyajit Ray,Pather Panchali BGM
Anup Ghoshal,Dhoronako Shantrimoshai
Anup Ghoshal,Bhuter Raja Dilo Bor
Satyajit Ray,Felu Kela Mukul Is Hypnotised The Camel Ride Camels And Train Playout
Bombay Bandook,Azad
Bombay Bandook,Tilak
Novo Amor,State Lines
Novo Amor,Alps
Novo Amor,Carry You
Twenty One Pilots,Nico and the Niners
Twenty One Pilots,Bandito
Twenty One Pilots,My Blood
Twenty One Pilots,Ride
Twenty One Pilots,Stressed Out
Twenty One Pilots,Neon Gravestones
Twenty One Pilots,Chlorine
Twenty One Pilots,Pet Cheetah
Twenty One Pilots,Jumpsuit
Ankur Tewari,Aa Jaao - raw
Ankur Tewari,Jeene Mein Aye Maza
Ankur Tewari,Dil Haare
Ankur Tewari,Harkat
Benny Dayal,Thin Line of Blue
Vince Guaraldi Trio,Happiness Is
Vince Guaraldi,Frieda
Vince Guaraldi,Rain Rain Go Away
Vince Guaraldi,Joe Cool -  Instrumental
Ólafur Arnalds,Unfold
DJ Upzet,Hans Zimmer meets Ólafur Arnalds
Ólafur Arnalds,We Contain Multitudes
Ólafur Arnalds,20:17
Ólafur Arnalds,Say My Name
Ólafur Arnalds,ekki hugsa
Ólafur Arnalds,Oceans
Snow Patrol,If There's A Rocket Tie Me to It
Snow Patrol,The Lightning Strike
Oh Wonder,Lonely Star
Oh Wonder,I Like It When You Love Me (Home Tapes Video)
Taylor Swift,Cardigan
Taylor Swift,Exile
Taylor Swift,This is me Trying
Taylor Swift,I Did Something Bad
Taylor Swift,Lover
Taylor Swift,The last great american Dynasty
K S Chithra,Kehna Hi Kya
Raman Mahadevan,Tu Hi Re(The Unwind Mix)
AR Rahman,Uyire Uyire
Remo Fernandez,Ek Ho Gaye Hum Aur Tum
AR Rahman - Bombay Theme.mp3,AR Rahman - Bombay Theme
Sufjan Stevens,Waste Of What Your Kids Won't Have
Sufjan Stevens,He Woke Me Up Again
Sufjan Stevens,The Transfiguration
Sufjan Stevens,We Won't Need Legs To Stand
Sufjan Stevens,Abraham
Sufjan Stevens,Seven Swans
Sufjan Stevens,The Dress Looks Nice On You
Sufjan Stevens,To be Alone with You
Sufjan Stevens,Sister
Sufjan Stevens,In the Devil's Territory
Arijit Singh,Enna Sona
AR Rahman,Ok Jaanu
Franz Gordon,Diving with My Harpoon
Franz Gordon,Slow Day
Franz Gordon,Flirting at the Masquerade
Florence and the Machine,Dog Days Are Over
Florence and The Machine,Ship To Wreck
Florence and The Machine,No light no light
This Town Needs Guns,Quetzal
This Town Needs Guns,Elk
This Town Needs Guns,Crocodile
This Town Needs Guns,Chinchilla
This Town Needs Guns,Dog
This Town Needs Guns,Badger
This Town Needs Guns,Zebra
This Town Needs Guns,Panda
Arijit Singh,Safar
Arijit Singh,Kalank
Ustad Rashid Khan,Aaoge Jab Tum
Javed Ali,Tu Hi Haqeeqat
Debojit Saha,Hawayein
Rekha Bharadwaj,Phir Le Aaya Dil
Arijit Singh,Channa Mereya
Mohit Chauhan,Abhi Kuch Dino Se
Arijit Singh,Ae Dil Hai Mushkil
James,Bheegi Bheegi
Soham Chokroborty,In Dino
Arijit Singh,Musafir
BN Chinmayee,Illahi - cover
Evanescence,Taking Over Me
Evanescence,Bring Me To Life
Nico Muhly,The Murder
Nico Muhly,Letter
Bloc Party,The Pioneers - M83 Remix
Nico Muhly,Self Defence
Nico Muhly,Body In Water
Uttam Singh,Dil To Pagal Hai - Jugalbandi
Wintergatan,Marble Machine (music instrument using 2000 marbles)
Antim,Droplets
Wadali Brothers,Tu Mane Ya Na Mane - Coke Studio  India Season 1
Piu Mukherjee,Chait maas bole le koyaliya
Subhajyoti Guha,High on Five ~ Khanda Jati
Mrittika,Rangi Saari + Kesariya
Age of the Sun |Melodeath By Countries: Switzerland|,What We Are
Vocyferium |Melodeath By Countries: Canada|,Redemption
Jacob's Piano,Petrichor
Jacob's Piano,Mariage d'Amour
Jacob's Piano,Jacob's Waltz
Euphoria,Maeri
Euphoria,Jiya Jaye Na
Viraj Vaghela,Ek pyar ka nagma hai - cover
Viraj Vaghela,kya tum naaraz ho - cover
Viraj Vaghela,Dil beparwah - cover
Viraj Vaghela,solitude
Viraj Vaghela,Luka chuppi - cover
Viraj Vaghela,jaan nisar hai - cover
Viraj Vaghela,Can't Help Falling In Love - cover
Viraj Vaghela,Jash-e-bahara - cover
Viraj Vaghela,Rue
Viraj Vaghela,Yeh Pal - cover
Karsh Kale,Shyam
Karsh Kale,Butterfly Effect
Karsh Kale,Milan
Karsh Kale,Liberation
Daniel Pemberton,I Wrote Ticket To Ride
Daniel Pemberton,Change the World
Daniel Pemberton,The Skylab Plan
Daniel Pemberton,Revenge
Daniel Pemberton,SOHN Lessons
When Chai Met Toast,Khoj (Passing By)
Dream Note,Waqt Ki Baatein
Vayu,Baatein Karo
Amin Toofani,La Flamenca
Amin Toofani,El Monte Claro
Semaj Poet,Dying Moon
BlueStone.com,A World Of Stylish Designs
Forte Piano,Stuff We Did
The Theorist,City of Stars - cover
Bill Wurtz,La de da de da
Bill Wurtz,History of the Entire Eorld I Guess
Bill Wurtz,Might Quit
Lil Nas X,Call me By Your Name
Lil Nas X,Lost in Citadel
Lil Nas X,Dead Right Now
Lil Nas X,Tales of Dominica
Lil Nas X,Call Me By Your Name - lofi
Lil Nas X,Life After Salem
Lil Nas X,Am I Dreaming Now
Lil Nas X,Scoop
Lil Nas X,Dolla Sign SLime
Lil Nas X,Industry Baby
Lil Nas X,Don't Want it
Lil Nas X,That's What I Want
Lil Nas X,One of Me
Lil Nas X,Void
Lil Nas X,Sun Goes Down
John Williams,A Window To The Past
Alexandre Desplat,Lily's Theme
Nicholas Hooper,Malfoy's Mission
Seafret,To the Sea
Seafret,Missing
Seafret,Oceans
Seafret,Wildfire
Seafret,Fall
Seafret,Skimming Stones
Seafret,Breathe
Seafret,Heartless
Seafret,There's a Light (Audio)
Seafret,Be There
Seafret,Give Me Something
Nick Cave,Into My Arms
Nick Cave,Carnage
Amber Run,Worship
Amber Run,5AM
Amber Run,I Found
Tobias Rauscher,Still Awake
Tobias Rauscher,Passion Loop
Rahat Fateh Ali Khan,O Re Piya
Rahat Fateh Ali Khan,Jalan
Junoon,Sayonee (Coke Studio Season 10)
Rahat Fateh Ali Khan,Sajdaa
Parikrama,But It Rained
Agnee,I Believe
Viraj Vaghela,Ankhon dekhi background score fingerstyle guitar
Mansheel Gujral,Dheeme Re Re
Ronkini Gupta,Kaise Sukh Soyein
Kailaash Kher,Aaj Laagi Laagi Nai Dhoop
Kailaash Kher,Aayi Bahaar
Joji,Fear & Misery
Joji,Slow Dancing in the Dark
Joji,Run
Lubalin,she stole my broccoli casserole recipe
Lubalin,cheese
Lubalin,i just need butter
Lubalin,long txts
Lubalin,is this available (attorney general)
Miley Cyrus,Slide Away
Miley Cyrus,Before The Storm – duet (Live)
Miley Cyrus,Wrecking Ball
Miley Cyrus,Nothing Breaks Like a Heart
Miley Cyrus,Adore You
Miley Cyrus,No Tears Left To Cry
Miley Cyrus,Younger Now
Miley Cyrus,Talk Is Cheap
Miley Cyrus,Obsessed
The Local Train,Yeh Zindagi Hai Demo
The Local Train,Kaisey Jiyun Acoustic
The Local Train,Choo Lo
The Local Train,Aaftaab
Asha Bhosle,Achha Ji Main Haari Chalo
Asha Bhosle,Raat Akeli Hai
Mohammed Rafi,Sar Jo Tera Chakraye
Mohammed Rafi,Yeh Duniya Agar Mil Bhi Jaye To
Asha Bhosle,Haal Kaisa Hai Janab Ka
Lana Del Rey,Goodbye Kiss
Lana Del Rey,Summertime Sadness
Lana Del Rey,Swan Song
Lana Del Rey,Born To Die
Lana Del Rey,hope is a dangerous thing for a woman like me to have - but i have it
Lana Del Rey,Looking For America
Blake Neely,Race To Airport
Blake Neely,Charlotte
Blake Neely,Believe (Jane's Theme)
Blake Neely,Scene of a Crime
Blake Neely,Redemption
Blake Neely,Graceful
Kodaline,Talk
Kodaline,Perfect World (Acoustic Version)
Kodaline,All I Want
Eminem,Lose Yourself
Eminem,Beautiful
Eminem,Stan
Eminem,Mockingbird
Rahat Fateh Ali Khan,Jag Soona Soona Lage
KK,Aankhon Mein Teri
Sonu Nigam,Main Agar Kahoon
Sukhwinder Singh,Dard E Disco
Tushar Lall,Pirates Of The Caribbean Theme: The Indian Jam Projec
Tushar Lall,Imagine Dragon Tribute: The Indian Jam Project
Tushar Lall,Pink FLoyd Tribute: The Indian Jam Project
Tushar Lall,Sifar
Tushar Lall,007 Skyfall: The Indian Jam Project
Tushar Lall,MI theme: The Indian Jam Project
Tushar Lall,SIRI jam: The Indian Jam Project
Tushar Lall,Sherlok Theme: The Indian Jam Project
Tushar Lall,Interstellar Theme: The Indian Jam Project
Tushar Lall,Yellow + The Scientist: The Indian Jam Project
Tushar Lall,GOT Theme: The Indian Jam Project.mp3
Tushar Lall,The Dark Knight Rises: The Indian Jam Projec
Nirvana,Come As You Are
Nirvana,Lithium
Nirvana,Stain
Nirvana,Something In The Way
Mammal Hands,Being Here
Mammal Hands,Living Frost
Mammal Hands,Transfixed
Mammal Hands,Solitary Bee
Mammal Hands,Black Sails
Mammal Hands,Near Far
Mammal Hands,Boreal Forest
Mammal Hands,Rhizome
Mammal Hands,Wringer
Mammal Hands,Three Good Things
Mammal Hands,Straight up Raining
Striborg,Trapped in a Void of the Night
Stiborg,The Overwhelming Presence of Life
Striborg,Penance Stare
This Town Needs Guns,There's no 'I' in Time
This Town Needs Guns,Bliss Quest
This Town Needs Guns,Whatever Whenever
Sufjan Stevens,No Shade in the Shadow of the Cross
Sufjan Stevens,Drawn To The Blood
Sufjan Stevens,Death With Dignity
Sufjan Stevens,All Of Me Wants All Of You
Sufjan Stevens,Blue Bucket of Gold
Sufjan Stevens,Fourth Of July
Sufjan Stevens,Carrie & Lowell
Sufjan Stevens,John My Beloved
Sufjan Stevens,Eugene
Sufjan Stevens,Should Have Known Better
Strings,Jaane Do
Strings,Duur
Strings,Aakhri Alvida
Bilal Maqsood,Kahani Mohabbat Ki
Strings,Dhaani
Strings,Sajni
Strings,Zinda
Strings,Naina
TAG - Mera Bichra Yaar - cover.mp3,TAG - Mera Bichra Yaar - cover
Strings,Jab Say Tum Ko
Strings,Sonay Do
Penelope Scott,American Healthcare
Penelope Scott,Rät
Penelope Scott,Cigarette Ahegao
Panic! At The Disco,I Write Sins Not Tragedies
Panic! At The Disco,This Is Gospel
Moushumi Bhowmik,Swapno Dekhbo Bole
Moushumi Bhowmik,Jokhoni Ektu Chhuti
Moushumi Bhowmik,Tori Jonno
Moushumi Bhowmik,Pakhi Ure Ure
Moushumi Bhowmik,Amaar Kichhu Kotha
Moushumi Bhowmik,Chithi
Thaikkudam Bridge,Kanne
Thaikkudam Bridge,Kalliyankatt Neeli
Thaikkudam Bridge,Thekkini
Thaikkudam Bridge,A tale of randomness
Thaikkudam Bridge,Nostalgia
Thaikkudam Bridge,Inside my head
Thaikkudam Bridge,One Navarasam
Thaikkudam Bridge,Nee
Thaikkudam Bridge,Kaadum Malayum
Ram Sampath,Rosie
Ram Sampath,Hona Hai Kya
Vishal Dadlani,Jee Le Zara
Suman Sridhar,Muskaanein Jhooti Hai
Sona Mohapatra,Jiya Lage Na
Clean Bandit,Rockabye
Natiq,Intezaar
Alexis Ffrench,Reborn
Lianne La Havas,Starry Starry Night
Chinmayi,Kaathalae Kaathalae
Ryuichi Sakamoto,Solari
Shradhha Kapoor,Galliyan
Safarnama,Lucky Ali
Landon Pigg,Falling In Love At A Coffee Shop
Soft Metal,Mystic Trip to Al-Dzazir
Bryan John Appleby,Honey Jars
Charlie Puth,We Don't Talk Anymore
Sting,Fragile
Brighton,Forest Fire
Frankie Cosmos,Outside With The Cuties
The Paper Kites,Woodland
Ed Maverick,Ropa De Bazar
Toe,Two Moons
Tangerine ​Kitty,Dumb Ways to Die
Cat Stevens,The First Cut Is the Deepest
Tom Wopat,There's No Business Like Show Business
Binary One,Returning
Raghav,Sufi
Danyal Zafar,Udh Chaliye
Les Filles de Illighadad,Telilit
Thomas Gresen,Last Dance
Johannes Bornlöf,Nocturnal Waltz
Spiritualized,Ladies and Gentlemen We Are Floating in Space
Lizzy Caplan,You Don't Know Me
Sooraj Santhosh,Taniye
Niki,Strange Land (Live) Acoustic Sessions
Nilotpal Sinha,Naino Ke Ishaare
Wildes,Illuminate
SYML,Where's My Love
Sandhya Mukherjee,E Gaane Prajapati
Lykke Li,Neon
Cosmin Cioca,@ TedX Budapest
Peter Gabriel,Washing Of The Water
Sales,Chinese New Year
Sona Mohapatra,Naina
Dino James,Dooriyan
Tanmaya Bhatnagar,Kya Tum Naraaz Ho - raw
Max Fry,wishing u well
Amit Mishra,Meer-E-Kaarwan
Altamash Faridi,Bheege Mann
Nathan Gaupht,Stairway To Heaven
Prathma Dey,Nindiya Na Aaye
Muse,Starlight
Memba,For Aisha
Aphrow,Snowball.min
Old Sea Brigade,Love Brought Weight
Lata Mangeshka,Pyaar kiya to darna Kya
Dyan,Looking for Knives
Tarun Kukreja,Khush
Thomas Newman,Brooks Was Here
Philip Glass,Dreaming of Fiji
Akhilbandhu Ghosh,Tomar Bhubone Phuler Mela
Tera Melos,Weird Circles
Iman Chokroborty,Rangiye Diye Jao
Tulsi Kumar,Mujhe Teri
Frank Sinatra,I Won't Dance
Hannah Ellis,If the World Was Ending - cover
JD Souther,You're Only Lonely
Porth Nole,Tonight I Sleep
Handbook,Eyes - Edit
Phoebe Ryan,All We Know
Gaby Moreno,Daydream By Design
Really SlowMotion,Reborn
Olivia Cooke,Cet Amour Me Tue
Lata Mangeshkar,Lag Jaa Gale
Shyamal Mitra,Ami Cheye Cheye Dekhi
Shyamal Mitra,Jhiri Jhiri
Shyamal Mitra,Dole Dodul Dole Jhulana
Miley Cyrus,Edge of Midnight (Midnight Sky Remix)
Miley Cyrus,WTF Do I Know
Miley Cyrus,Midnight Sky
Miley Cyrus,Prisoner
Miley Cyrus,Gimme What I Want
Miley Cyrus,Bad Karma
Miley Cyrus,Heart Of Glass (Live from the iHeart Festival)
Miley Cyrus,Golden G String
Miley Cyrus,Zombie (Live from the NIVA Save Our Stages Festival)
Miley Cyrus,Angels Like You
Miley Cyrus,High
Miley Cyrus,Plastic Hearts
Miley Cyrus,Night Crawling
Miley Cyrus,Hate Me
Miley Cyrus,Never Be Me
Cardi B,Bodak Yellow
Rishi Chokroborty,Prem Rosika Hobo Kemone
Nindy Kaur and Raftaar,Tamanche Pe Disco
Tochi Raina,Dilli
Kalpana,Breathless
America,A Horse With No Name
Amitabh Bachchan,Mere Angne
Honey Singh,Party With The Bhoothnath
Ylvis,The Fox
Benny Dayal,Rappan Rappi Rap
Asha Bhosle,Jawani Janeman Haseen Dilruba
Manna Dey,Jibone Ki Paabo Na
Blondie,One Way Or Another
Quvenzhané Wallis,It's The Hard Knock Life
Anuradha Paudwal,Tamma Tamma
Mamta Sharma,Tinku Jiya
Priya Panchal,Maa Ka Phone
Oingo Boingo,No one lives forever
Los Del Rio,Macarena
Foster The People,Pumped up Kicks
The Lonely Island,Like A Boss
Kero Kero Bonito,Flamingo
Vance Joy,Riptide
Alka Yagnik,Choli Ke Peeche Kya Hai
The Chordettes,Mr Sandman
Aravasu,Jaane Bhi Do Yaaro
Pawan Singh,Lollypop Lagelu
Amit Trivedi,Chaudhary
Amit Trivedi,Haminastu
Kavita Seth,Iktara Iktara
Amit Trivedi,Shaam
Amit Trivedi,Gubbare
Amit Trivedi,Saali khushi
Meghna Mishra,Nachdi Phira
Shail Hada,Lahu Munh Lag Gaya
Shreya Ghoshal,Deewani Mastani
Arijit Singh,Laal ishq
Fleurie,Hurts Like Hell
Asees Kaur,Jaan Nisaar
Asees Kaur,Tere Bin
Asees Kaur,Sapna
Asees Kaur,Baat Nahi Karni
thedotisblack,Sound of Neptune
thedotisblack,Sound of Two Black Holes Colliding
thedotisblack,Sound of Uranus V - Miranda
thedotisblack,Sound of Saturn
thedotisblack,Sound of Satarn's Rings
thedotisblack,Sound of Sun
Mohan Kanan,Nishaniya
Neel Adhikari,I Forgive You
Neel Adhikari,What Am I
Mohan Kannan,Pending Sapne
Meghana Bhogle,Rooh
Kailasa,Saiyaan
Kailash Kher,Chaandan Mein
Kailash Kher,Kaisi Hai Ye Udaasi
Kailasa,Teri Deewani
Mother Mother,Oh Anna
Mother Mother,Verbatim
Mother Mother,Hayloft
Mother Mother,Ghosting - reverbed
Mother Mother,Burning Pile
Kaavish,Mujhay Maaf Karna
Kaavish,Baat Unkahi
Kaavish,Nindiya Re (Coke Studio Pakistan Season 4)
Kaavish,Jhoot Hogaa
Kaavish,Saahar Milay Gee
Kaavish,Piya Dekho Na
Kaavish,Dareeche
The Cranberries,Zombie
The Cranberries,When You're Gone
The Cranberries,Linger
The Cranberries,Hollywood
Dot.,Normal Things
Dot.,Busy in Beige
Sudeep Palanad,Alhamdulillah
Madhuvanthi Narayan,Doorie
M. Jayachandran,Clarinet Theme
M Jayachandran,End - Title Theme
M. Jayachandran,Love scene at Bus travel
Nithya Mammen,Vathikkalu Vellaripravu
Zia Ul Haq,Azan The Light
Jonita Gandhi,Raakh Baakhi
AR Rahman,O Sona Tere
Anupam Roy,Teri Meri Baatein
Anupam Roy,Lokkhiti
Satyaki Banerjee,Moner Manush
Anupam Roy,Amar Shawhore
The Smiths,This Charming Man
The Smiths,Heaven Knows I'm Miserable Now
The Smiths,Asleep
Anurag Saikia,Ek Akela Ped
Anurag Saikia,Chal Chala Chal
Anurag Saikia,Is Raat Ki Subah Nahi
Anurag Saikia,Anjaan Galiyaan
Anurag Saikia,Baat Us Raat Ki
Anurag Saikia,Aur Kitna Door
Anurag Saikia,Hiya Tho
Shankar Mahadevan,Kay Sera Sera
Sonu Nigam,Saathiya
SP Balasubrahmanyam,Roja Jaaneman
AR Rahman,Surabhi Theme
AR Rahman,Naina Neer - Water
Chinmayi,Tere Bina
Mika Singh,Heer toh Badi Sad Hai
Lata Mangeshkar,Lukka Chhupi
Vijay Prakash,Manmohini Morey
Javed Ali,Jashn-E-Bahaaraa
Raghav Mathur,Ishq Shava
Vijay Prakash,Beera Beera
AR Rahman,Desi Thoughts
Surjo Bhattacharya,Dheem Ta Dare
Rashid Ali,Kabhi Kabhi Aditi
Lata Mangeshkar,Ajeeb Dastan Hai Yeh
Mukesh,Awara Hoon
Mukesh,Kisi Ki Muskurahaton Pe
Manna Dey,Chalat Musaafir
Md Rafi,Akle Akle Kahan Ja Rahe Ho
Manna Dey,Pyar Hua Iqrar Hua
Taken By Trees,Not Like Any Other
Taken By Trees,Your Place Or Mine
Taken By Trees,To Lose Someone new
Taken By Trees,Tidens Gång
Taken By Trees,Too Young
Taken By Trees,Indigo Dub
Karthik Rao,The Dark Side of the GentleMan
Karthik Rao,Pal Wahi Hai
Karthik Rao,The Gentleman
